track,model,gran,TSS_mean,TSS_ci,HSS_mean,HSS_ci,CSI_mean,CSI_ci,MCC_mean,MCC_ci,SEDI_mean,SEDI_ci,precision_mean,precision_ci,FB_mean,FB_ci,n_folds
Proton SPE,dlinear,per-day,0.631,0.117,0.689,0.105,0.546,0.119,0.694,0.104,0.851,0.067,0.782,0.109,0.82,0.118,5.0
Proton SPE,dlinear,per-point,0.701,0.148,0.649,0.133,0.5,0.142,0.652,0.134,0.88,0.079,0.614,0.125,1.166,0.116,5.0
Proton SPE,dlinear,per-window,0.63,0.096,0.697,0.087,0.554,0.101,0.703,0.086,0.854,0.053,0.805,0.1,0.795,0.111,5.0
Proton SPE,frets,per-day,0.444,0.067,0.59,0.076,0.433,0.074,0.633,0.072,0.778,0.061,0.932,0.067,0.477,0.042,5.0
Proton SPE,frets,per-point,0.269,0.026,0.408,0.029,0.262,0.022,0.49,0.024,0.713,0.045,0.915,0.078,0.296,0.046,5.0
Proton SPE,frets,per-window,0.431,0.048,0.579,0.046,0.421,0.05,0.627,0.043,0.793,0.038,0.942,0.047,0.459,0.047,5.0
Proton SPE,itransformer,per-day,0.53,0.123,0.678,0.107,0.53,0.123,0.717,0.085,,,1.0,0.0,0.53,0.123,5.0
Proton SPE,itransformer,per-point,0.646,0.136,0.701,0.1,0.553,0.118,0.706,0.094,0.87,0.063,0.784,0.055,0.829,0.153,5.0
Proton SPE,itransformer,per-window,0.506,0.122,0.653,0.106,0.502,0.12,0.695,0.084,0.856,0.046,0.987,0.01,0.513,0.125,5.0
Proton SPE,naive (persistence),per-day,0.562,0.06,0.706,0.046,0.559,0.057,0.737,0.036,0.879,,0.992,0.023,0.567,0.069,5.0
Proton SPE,naive (persistence),per-point,0.72,0.098,0.712,0.081,0.566,0.097,0.713,0.081,0.898,0.046,0.713,0.065,1.019,0.051,5.0
Proton SPE,naive (persistence),per-window,0.558,0.079,0.704,0.064,0.558,0.079,0.737,0.052,0.893,0.027,0.998,0.001,0.56,0.078,5.0
Proton SPE,patchmixer,per-day,0.626,0.074,0.702,0.114,0.562,0.128,0.712,0.12,0.854,0.064,0.836,0.211,0.786,0.224,5.0
Proton SPE,patchmixer,per-point,0.613,0.159,0.658,0.127,0.507,0.138,0.662,0.123,0.847,0.085,0.728,0.086,0.845,0.149,5.0
Proton SPE,patchmixer,per-window,0.624,0.083,0.706,0.105,0.565,0.122,0.718,0.109,0.862,0.047,0.85,0.192,0.766,0.226,5.0
Proton SPE,patchtst,per-day,0.555,0.107,0.685,0.091,0.538,0.107,0.712,0.08,0.838,0.057,0.94,0.06,0.593,0.109,5.0
Proton SPE,patchtst,per-point,0.629,0.156,0.661,0.114,0.509,0.126,0.663,0.11,0.854,0.079,0.713,0.053,0.887,0.161,5.0
Proton SPE,patchtst,per-window,0.534,0.106,0.668,0.092,0.519,0.103,0.698,0.076,0.838,0.051,0.941,0.018,0.568,0.107,5.0
Proton SPE,rlinear,per-day,0.61,0.085,0.708,0.108,0.568,0.126,0.72,0.114,0.848,0.075,0.87,0.158,0.712,0.07,5.0
Proton SPE,rlinear,per-point,0.583,0.225,0.61,0.207,0.465,0.206,0.612,0.206,0.817,0.141,0.656,0.189,0.89,0.141,5.0
Proton SPE,rlinear,per-window,0.592,0.069,0.7,0.08,0.556,0.096,0.716,0.083,0.853,0.046,0.888,0.124,0.676,0.093,5.0
Proton SPE,segrnn,per-day,0.558,0.097,0.701,0.078,0.555,0.091,0.734,0.061,0.9,,0.992,0.021,0.564,0.109,5.0
Proton SPE,segrnn,per-point,0.674,0.098,0.734,0.071,0.591,0.089,0.738,0.067,0.887,0.042,0.819,0.032,0.827,0.095,5.0
Proton SPE,segrnn,per-window,0.537,0.106,0.684,0.089,0.535,0.105,0.72,0.071,0.881,0.028,0.993,0.006,0.541,0.108,5.0
Proton SPE,tide,per-day,0.61,0.075,0.708,0.101,0.566,0.117,0.72,0.107,0.848,0.068,0.871,0.157,0.711,0.073,5.0
Proton SPE,tide,per-point,0.578,0.228,0.609,0.213,0.464,0.211,0.611,0.212,0.815,0.145,0.658,0.198,0.881,0.139,5.0
Proton SPE,tide,per-window,0.591,0.068,0.7,0.08,0.556,0.096,0.717,0.084,0.854,0.046,0.892,0.126,0.671,0.093,5.0
Proton SPE,tsmixer,per-day,0.364,0.298,0.467,0.352,0.347,0.282,0.629,0.137,0.81,0.111,0.922,0.133,0.404,0.342,5.0
Proton SPE,tsmixer,per-point,0.343,0.361,0.399,0.335,0.284,0.266,0.441,0.328,0.775,0.138,0.842,0.226,0.481,0.564,5.0
Proton SPE,tsmixer,per-window,0.374,0.281,0.477,0.337,0.353,0.257,0.519,0.328,0.809,0.039,0.926,0.108,0.424,0.342,5.0
Proton SPE,xpatch,per-day,0.558,0.087,0.698,0.071,0.551,0.087,0.728,0.061,0.849,0.107,0.976,0.044,0.572,0.088,5.0
Proton SPE,xpatch,per-point,0.643,0.123,0.693,0.097,0.543,0.114,0.696,0.094,0.867,0.059,0.765,0.059,0.844,0.102,5.0
Proton SPE,xpatch,per-window,0.545,0.092,0.685,0.078,0.537,0.093,0.717,0.065,0.856,0.042,0.97,0.02,0.562,0.09,5.0
Proton SPE (multi),dlinear,per-day,0.523,0.11,0.628,0.062,0.468,0.069,0.65,0.05,0.827,0.042,0.836,0.148,0.65,0.231,5.0
Proton SPE (multi),dlinear,per-point,0.497,0.152,0.526,0.167,0.374,0.165,0.529,0.167,0.782,0.093,0.574,0.192,0.895,0.174,5.0
Proton SPE (multi),dlinear,per-window,0.495,0.099,0.616,0.072,0.456,0.086,0.64,0.061,0.809,0.035,0.846,0.042,0.59,0.122,5.0
Proton SPE (multi),frets,per-day,0.451,0.21,0.59,0.223,0.442,0.203,0.642,0.173,0.828,,0.969,0.086,0.472,0.234,5.0
Proton SPE (multi),frets,per-point,0.207,0.108,0.324,0.136,0.2,0.099,0.42,0.106,0.714,0.074,0.913,0.138,0.235,0.147,5.0
Proton SPE (multi),frets,per-window,0.403,0.122,0.545,0.107,0.387,0.107,0.6,0.08,0.806,0.08,0.931,0.125,0.444,0.186,5.0
Proton SPE (multi),itransformer,per-day,0.437,0.07,0.572,0.056,0.411,0.057,0.609,0.061,0.763,0.045,0.873,0.145,0.514,0.142,5.0
Proton SPE (multi),itransformer,per-point,0.519,0.173,0.557,0.18,0.404,0.186,0.56,0.18,0.799,0.095,0.614,0.198,0.863,0.169,5.0
Proton SPE (multi),itransformer,per-window,0.429,0.1,0.57,0.079,0.41,0.088,0.613,0.063,0.789,0.037,0.9,0.054,0.481,0.126,5.0
Proton SPE (multi),naive (persistence),per-day,0.489,0.118,0.646,0.103,0.489,0.118,0.692,0.081,,,1.0,0.0,0.489,0.118,5.0
Proton SPE (multi),naive (persistence),per-point,0.657,0.121,0.658,0.127,0.504,0.145,0.658,0.127,0.875,0.056,0.665,0.136,0.999,0.07,5.0
Proton SPE (multi),naive (persistence),per-window,0.49,0.084,0.648,0.068,0.49,0.084,0.692,0.055,0.874,0.025,0.997,0.001,0.492,0.084,5.0
Proton SPE (multi),patchmixer,per-day,0.504,0.097,0.632,0.042,0.472,0.049,0.666,0.03,0.829,0.003,0.912,0.16,0.577,0.235,5.0
Proton SPE (multi),patchmixer,per-point,0.513,0.183,0.57,0.177,0.417,0.194,0.576,0.175,0.802,0.095,0.66,0.182,0.789,0.2,5.0
Proton SPE (multi),patchmixer,per-window,0.485,0.073,0.628,0.045,0.467,0.056,0.664,0.031,0.829,0.016,0.93,0.065,0.527,0.114,5.0
Proton SPE (multi),patchtst,per-day,0.439,0.125,0.569,0.088,0.41,0.089,0.612,0.063,0.785,0.078,0.889,0.14,0.514,0.228,5.0
Proton SPE (multi),patchtst,per-point,0.532,0.175,0.572,0.169,0.419,0.182,0.577,0.168,0.81,0.09,0.637,0.184,0.855,0.213,5.0
Proton SPE (multi),patchtst,per-window,0.446,0.119,0.588,0.1,0.429,0.109,0.63,0.079,0.801,0.049,0.916,0.032,0.49,0.138,5.0
Proton SPE (multi),rlinear,per-day,0.497,0.104,0.636,0.083,0.478,0.093,0.672,0.071,0.805,0.039,0.936,0.122,0.542,0.168,5.0
Proton SPE (multi),rlinear,per-point,0.553,0.158,0.593,0.164,0.438,0.18,0.595,0.164,0.822,0.082,0.649,0.178,0.866,0.126,5.0
Proton SPE (multi),rlinear,per-window,0.492,0.093,0.634,0.069,0.475,0.084,0.669,0.055,0.829,0.028,0.93,0.037,0.532,0.11,5.0
Proton SPE (multi),segrnn,per-day,0.481,0.062,0.641,0.054,0.481,0.062,0.687,0.042,,,1.0,0.0,0.481,0.062,5.0
Proton SPE (multi),segrnn,per-point,0.606,0.133,0.66,0.158,0.509,0.184,0.663,0.161,0.858,0.069,0.733,0.196,0.839,0.078,5.0
Proton SPE (multi),segrnn,per-window,0.458,0.083,0.617,0.072,0.456,0.084,0.666,0.058,0.852,0.033,0.988,0.015,0.463,0.082,5.0
Proton SPE (multi),tide,per-day,0.507,0.099,0.645,0.077,0.487,0.087,0.68,0.064,0.819,0.0,0.937,0.121,0.552,0.166,5.0
Proton SPE (multi),tide,per-point,0.554,0.16,0.593,0.165,0.439,0.18,0.596,0.164,0.823,0.082,0.649,0.178,0.866,0.127,5.0
Proton SPE (multi),tide,per-window,0.496,0.095,0.638,0.07,0.479,0.085,0.672,0.055,0.831,0.028,0.932,0.035,0.535,0.113,5.0
Proton SPE (multi),tsmixer,per-day,0.174,0.311,0.216,0.381,0.157,0.283,0.562,0.308,0.734,0.261,0.756,0.248,0.23,0.396,5.0
Proton SPE (multi),tsmixer,per-point,0.179,0.336,0.177,0.316,0.121,0.219,0.449,0.296,0.708,0.368,0.475,0.097,0.379,0.685,5.0
Proton SPE (multi),tsmixer,per-window,0.168,0.291,0.212,0.364,0.151,0.26,0.557,0.122,0.735,0.143,0.77,0.025,0.222,0.385,5.0
Proton SPE (multi),xpatch,per-day,0.479,0.081,0.639,0.07,0.479,0.081,0.685,0.056,,,1.0,0.0,0.479,0.081,5.0
Proton SPE (multi),xpatch,per-point,0.497,0.185,0.567,0.19,0.416,0.21,0.574,0.189,0.793,0.102,0.674,0.197,0.741,0.105,5.0
Proton SPE (multi),xpatch,per-window,0.466,0.095,0.615,0.082,0.455,0.092,0.657,0.065,0.822,0.035,0.947,0.021,0.493,0.101,5.0
XRS M-class,dlinear,per-day,0.089,0.083,0.135,0.122,0.089,0.083,0.239,0.127,0.429,0.171,0.879,0.114,0.103,0.097,5.0
XRS M-class,dlinear,per-point,0.055,0.066,0.072,0.074,0.04,0.042,0.082,0.068,0.33,0.129,0.145,0.057,0.352,0.358,5.0
XRS M-class,dlinear,per-window,0.08,0.065,0.122,0.092,0.081,0.064,0.225,0.091,0.397,0.083,0.841,0.053,0.098,0.079,5.0
XRS M-class,frets,per-day,0.05,0.114,0.072,0.162,0.05,0.114,0.187,0.286,0.321,0.312,0.67,0.276,0.065,0.139,5.0
XRS M-class,frets,per-point,0.059,0.12,0.072,0.131,0.041,0.077,0.08,0.132,0.314,0.312,0.131,0.16,0.238,0.437,5.0
XRS M-class,frets,per-window,0.053,0.108,0.078,0.154,0.053,0.108,0.13,0.197,0.298,0.276,0.563,0.442,0.066,0.131,5.0
XRS M-class,itransformer,per-day,0.032,0.028,0.051,0.046,0.032,0.028,0.149,0.074,0.364,,0.971,0.079,0.033,0.03,5.0
XRS M-class,itransformer,per-point,0.053,0.078,0.084,0.113,0.046,0.065,0.119,0.117,0.385,0.152,0.371,0.098,0.135,0.198,5.0
XRS M-class,itransformer,per-window,0.025,0.016,0.04,0.026,0.025,0.016,0.138,0.045,0.421,0.089,0.973,0.02,0.025,0.016,5.0
XRS M-class,naive (persistence),per-day,0.051,0.051,0.08,0.079,0.051,0.051,0.192,0.098,0.329,,0.975,0.069,0.052,0.05,5.0
XRS M-class,naive (persistence),per-point,0.113,0.069,0.114,0.068,0.065,0.04,0.114,0.068,0.398,0.109,0.123,0.068,0.97,0.083,5.0
XRS M-class,naive (persistence),per-window,0.047,0.016,0.074,0.023,0.047,0.016,0.191,0.033,0.441,0.042,0.959,0.016,0.049,0.016,5.0
XRS M-class,patchmixer,per-day,0.057,0.056,0.09,0.087,0.057,0.056,0.203,0.108,0.282,,0.967,0.093,0.058,0.055,5.0
XRS M-class,patchmixer,per-point,0.05,0.08,0.079,0.112,0.044,0.065,0.121,0.107,0.398,0.124,0.43,0.096,0.122,0.201,5.0
XRS M-class,patchmixer,per-window,0.047,0.032,0.075,0.05,0.048,0.032,0.187,0.065,0.429,0.073,0.949,0.035,0.05,0.035,5.0
XRS M-class,patchtst,per-day,0.02,0.024,0.033,0.04,0.021,0.024,0.131,0.095,0.144,,0.875,0.347,0.022,0.023,5.0
XRS M-class,patchtst,per-point,0.053,0.086,0.08,0.118,0.045,0.069,0.108,0.12,0.366,0.165,0.339,0.069,0.15,0.23,5.0
XRS M-class,patchtst,per-window,0.025,0.02,0.041,0.033,0.025,0.02,0.132,0.068,0.371,0.125,0.93,0.063,0.027,0.021,5.0
XRS M-class,rlinear,per-day,0.044,0.042,0.07,0.066,0.044,0.042,0.18,0.097,,,1.0,0.0,0.044,0.042,5.0
XRS M-class,rlinear,per-point,0.059,0.081,0.092,0.112,0.051,0.065,0.143,0.091,0.438,0.097,0.527,0.253,0.146,0.212,5.0
XRS M-class,rlinear,per-window,0.044,0.024,0.071,0.036,0.044,0.024,0.186,0.048,0.469,0.043,0.979,0.011,0.046,0.025,5.0
XRS M-class,segrnn,per-day,0.037,0.036,0.06,0.059,0.037,0.036,0.165,0.089,,,1.0,0.0,0.037,0.036,5.0
XRS M-class,segrnn,per-point,0.026,0.024,0.049,0.041,0.025,0.023,0.117,0.045,0.41,0.037,0.615,0.112,0.047,0.054,5.0
XRS M-class,segrnn,per-window,0.035,0.017,0.056,0.026,0.035,0.017,0.165,0.042,0.469,0.035,0.984,0.016,0.035,0.017,5.0
XRS M-class,tide,per-day,0.054,0.047,0.086,0.074,0.054,0.047,0.203,0.092,,,1.0,0.0,0.054,0.047,5.0
XRS M-class,tide,per-point,0.061,0.082,0.095,0.112,0.053,0.065,0.147,0.09,0.442,0.095,0.519,0.226,0.149,0.214,5.0
XRS M-class,tide,per-window,0.05,0.025,0.08,0.037,0.05,0.025,0.198,0.047,0.459,0.042,0.97,0.006,0.052,0.025,5.0
XRS M-class,tsmixer,per-day,0.0,0.0,0.0,0.0,0.0,0.0,,,,,,,0.0,0.0,5.0
XRS M-class,tsmixer,per-point,0.0,0.0,0.0,0.0,0.0,0.0,,,,,,,0.0,0.0,5.0
XRS M-class,tsmixer,per-window,0.0,0.0,0.0,0.0,0.0,0.0,,,,,,,0.0,0.0,5.0
XRS M-class,xpatch,per-day,0.03,0.022,0.047,0.036,0.03,0.022,0.138,0.066,0.296,0.119,0.876,0.17,0.034,0.024,5.0
XRS M-class,xpatch,per-point,0.046,0.079,0.071,0.109,0.039,0.063,0.118,0.094,0.407,0.1,0.523,0.201,0.113,0.212,5.0
XRS M-class,xpatch,per-window,0.032,0.024,0.051,0.038,0.032,0.025,0.151,0.056,0.385,0.084,0.94,0.068,0.034,0.026,5.0
XRS M-class (multi),dlinear,per-day,0.106,0.166,0.144,0.205,0.106,0.163,0.228,0.205,0.39,0.36,0.832,0.253,0.13,0.212,5.0
XRS M-class (multi),dlinear,per-point,0.085,0.18,0.073,0.099,0.041,0.063,0.12,0.081,0.42,0.121,0.396,0.17,0.481,1.217,5.0
XRS M-class (multi),dlinear,per-window,0.107,0.186,0.144,0.222,0.106,0.182,0.243,0.191,0.475,0.129,0.938,0.065,0.125,0.232,5.0
XRS M-class (multi),frets,per-day,0.011,0.018,0.017,0.029,0.011,0.019,0.132,0.071,0.245,,0.834,0.462,0.013,0.023,5.0
XRS M-class (multi),frets,per-point,0.012,0.028,0.02,0.049,0.011,0.027,0.063,0.121,0.317,0.117,0.538,0.612,0.029,0.065,5.0
XRS M-class (multi),frets,per-window,0.013,0.022,0.02,0.034,0.013,0.022,0.104,0.129,0.363,0.094,0.932,0.137,0.014,0.024,5.0
XRS M-class (multi),itransformer,per-day,0.016,0.027,0.025,0.04,0.016,0.027,0.129,0.104,0.193,,0.889,0.308,0.018,0.027,5.0
XRS M-class (multi),itransformer,per-point,0.049,0.109,0.064,0.133,0.037,0.079,0.077,0.131,0.293,0.179,0.178,0.127,0.179,0.313,5.0
XRS M-class (multi),itransformer,per-window,0.024,0.023,0.037,0.034,0.024,0.023,0.127,0.063,0.361,0.114,0.946,0.059,0.025,0.024,5.0
XRS M-class (multi),naive (persistence),per-day,0.047,0.031,0.074,0.046,0.048,0.031,0.179,0.073,0.33,0.105,0.91,0.155,0.053,0.032,5.0
XRS M-class (multi),naive (persistence),per-point,0.096,0.081,0.095,0.078,0.055,0.047,0.095,0.078,0.357,0.101,0.103,0.08,0.999,0.11,5.0
XRS M-class (multi),naive (persistence),per-window,0.046,0.023,0.072,0.031,0.047,0.023,0.187,0.043,0.434,0.056,0.956,0.025,0.048,0.023,5.0
XRS M-class (multi),patchmixer,per-day,0.047,0.035,0.074,0.052,0.048,0.036,0.184,0.077,0.386,,0.975,0.069,0.05,0.039,5.0
XRS M-class (multi),patchmixer,per-point,0.052,0.089,0.079,0.116,0.045,0.069,0.125,0.096,0.409,0.089,0.467,0.181,0.136,0.239,5.0
XRS M-class (multi),patchmixer,per-window,0.042,0.023,0.066,0.031,0.042,0.023,0.178,0.044,0.43,0.045,0.96,0.03,0.044,0.024,5.0
XRS M-class (multi),patchtst,per-day,0.022,0.028,0.034,0.042,0.022,0.028,0.17,0.047,,,1.0,0.0,0.022,0.028,5.0
XRS M-class (multi),patchtst,per-point,0.046,0.095,0.065,0.127,0.038,0.075,0.1,0.151,0.343,0.182,0.286,0.154,0.15,0.267,5.0
XRS M-class (multi),patchtst,per-window,0.021,0.027,0.032,0.04,0.022,0.028,0.129,0.08,0.367,0.104,0.931,0.078,0.023,0.029,5.0
XRS M-class (multi),rlinear,per-day,0.049,0.044,0.075,0.065,0.049,0.045,0.183,0.096,0.43,,0.982,0.051,0.051,0.049,5.0
XRS M-class (multi),rlinear,per-point,0.059,0.089,0.085,0.114,0.049,0.068,0.111,0.104,0.377,0.112,0.285,0.162,0.229,0.243,5.0
XRS M-class (multi),rlinear,per-window,0.042,0.027,0.065,0.038,0.042,0.027,0.175,0.052,0.431,0.058,0.961,0.029,0.044,0.028,5.0
XRS M-class (multi),segrnn,per-day,0.028,0.036,0.044,0.054,0.028,0.036,0.159,0.089,,,1.0,0.0,0.028,0.036,5.0
XRS M-class (multi),segrnn,per-point,0.03,0.042,0.051,0.068,0.028,0.038,0.103,0.071,0.383,0.051,0.522,0.141,0.068,0.105,5.0
XRS M-class (multi),segrnn,per-window,0.028,0.027,0.044,0.04,0.029,0.028,0.142,0.069,0.482,0.032,0.994,0.005,0.029,0.028,5.0
XRS M-class (multi),tide,per-day,0.048,0.045,0.074,0.066,0.049,0.045,0.169,0.108,0.312,0.217,0.84,0.257,0.057,0.046,5.0
XRS M-class (multi),tide,per-point,0.061,0.09,0.088,0.114,0.05,0.069,0.114,0.105,0.382,0.112,0.286,0.158,0.238,0.25,5.0
XRS M-class (multi),tide,per-window,0.046,0.028,0.071,0.04,0.046,0.029,0.184,0.053,0.435,0.057,0.96,0.023,0.048,0.03,5.0
XRS M-class (multi),tsmixer,per-day,0.024,0.058,0.032,0.076,0.03,0.072,0.119,0.14,0.215,0.094,0.484,0.043,0.073,0.181,5.0
XRS M-class (multi),tsmixer,per-point,0.033,0.089,0.015,0.037,0.011,0.026,0.046,0.11,0.208,0.326,0.036,0.058,0.86,2.094,5.0
XRS M-class (multi),tsmixer,per-window,0.022,0.057,0.03,0.076,0.028,0.071,0.111,0.167,0.206,0.128,0.486,0.008,0.066,0.17,5.0
XRS M-class (multi),xpatch,per-day,0.029,0.037,0.043,0.055,0.029,0.037,0.148,0.112,0.181,,0.875,0.347,0.032,0.036,5.0
XRS M-class (multi),xpatch,per-point,0.042,0.081,0.063,0.112,0.036,0.066,0.1,0.106,0.371,0.106,0.439,0.223,0.109,0.213,5.0
XRS M-class (multi),xpatch,per-window,0.03,0.032,0.046,0.047,0.031,0.032,0.132,0.085,0.349,0.138,0.882,0.204,0.035,0.033,5.0
XRS X-class,dlinear,per-day,0.022,0.039,0.042,0.073,0.022,0.039,0.233,0.064,,,1.0,0.0,0.022,0.039,5.0
XRS X-class,dlinear,per-point,0.004,0.003,0.008,0.004,0.004,0.002,0.026,0.014,0.367,0.054,0.248,0.324,0.054,0.105,5.0
XRS X-class,dlinear,per-window,0.013,0.008,0.025,0.016,0.013,0.008,0.097,0.032,0.371,0.067,0.759,0.097,0.017,0.011,5.0
XRS X-class,frets,per-day,-0.0,0.001,-0.0,0.001,0.0,0.0,-0.003,,,,0.0,,0.025,0.069,5.0
XRS X-class,frets,per-point,0.002,0.005,0.002,0.006,0.001,0.003,0.005,0.014,0.316,,0.006,0.017,0.146,0.403,5.0
XRS X-class,frets,per-window,0.006,0.018,0.012,0.032,0.006,0.017,0.049,0.139,0.36,,0.156,0.433,0.021,0.059,5.0
XRS X-class,itransformer,per-day,0.0,0.0,0.0,0.0,0.0,0.0,,,,,,,0.0,0.0,5.0
XRS X-class,itransformer,per-point,0.0,0.0,0.0,0.0,0.0,0.0,0.007,0.008,0.294,0.086,0.607,0.297,0.0,0.0,5.0
XRS X-class,itransformer,per-window,0.0,0.001,0.0,0.001,0.0,0.001,0.019,0.026,0.192,,0.75,0.694,0.0,0.001,5.0
XRS X-class,naive (persistence),per-day,0.032,0.038,0.06,0.07,0.032,0.038,0.229,0.038,,,1.0,0.0,0.032,0.038,5.0
XRS X-class,naive (persistence),per-point,0.017,0.006,0.017,0.007,0.009,0.004,0.017,0.007,0.326,0.029,0.018,0.007,0.986,0.205,5.0
XRS X-class,naive (persistence),per-window,0.016,0.006,0.03,0.012,0.016,0.006,0.113,0.025,0.407,0.034,0.846,0.04,0.018,0.007,5.0
XRS X-class,patchmixer,per-day,0.013,0.037,0.025,0.068,0.013,0.037,0.256,,,,1.0,,0.013,0.037,5.0
XRS X-class,patchmixer,per-point,0.002,0.003,0.003,0.005,0.002,0.003,0.026,0.036,0.378,0.206,0.535,0.605,0.013,0.019,5.0
XRS X-class,patchmixer,per-window,0.007,0.011,0.014,0.021,0.007,0.011,0.058,0.072,0.371,0.169,0.628,0.548,0.011,0.011,5.0
XRS X-class,patchtst,per-day,0.0,0.0,0.0,0.0,0.0,0.0,,,,,,,0.0,0.0,5.0
XRS X-class,patchtst,per-point,0.0,0.0,0.0,0.0,0.0,0.0,,,,,,,0.0,0.0,5.0
XRS X-class,patchtst,per-window,0.0,0.0,0.0,0.0,0.0,0.0,,,,,,,0.0,0.0,5.0
XRS X-class,rlinear,per-day,0.013,0.037,0.025,0.068,0.013,0.037,0.256,,,,1.0,,0.013,0.037,5.0
XRS X-class,rlinear,per-point,0.003,0.001,0.005,0.002,0.003,0.001,0.048,0.014,0.468,0.071,0.967,0.07,0.003,0.001,5.0
XRS X-class,rlinear,per-window,0.007,0.004,0.014,0.008,0.007,0.004,0.082,0.023,0.411,,0.992,0.023,0.007,0.004,5.0
XRS X-class,segrnn,per-day,0.032,0.038,0.06,0.07,0.032,0.038,0.229,0.038,,,1.0,0.0,0.032,0.038,5.0
XRS X-class,segrnn,per-point,0.002,0.002,0.005,0.003,0.002,0.002,0.044,0.018,0.457,0.043,0.859,0.164,0.003,0.002,5.0
XRS X-class,segrnn,per-window,0.006,0.005,0.011,0.008,0.006,0.005,0.069,0.028,0.386,0.092,0.936,0.097,0.006,0.005,5.0
XRS X-class,tide,per-day,0.032,0.038,0.06,0.07,0.032,0.038,0.229,0.038,,,1.0,0.0,0.032,0.038,5.0
XRS X-class,tide,per-point,0.005,0.001,0.009,0.003,0.005,0.001,0.061,0.011,0.477,0.022,0.86,0.069,0.005,0.002,5.0
XRS X-class,tide,per-window,0.012,0.005,0.024,0.008,0.012,0.005,0.105,0.023,0.426,0.059,0.909,0.078,0.014,0.004,5.0
XRS X-class,tsmixer,per-day,0.0,0.0,0.0,0.0,0.0,0.0,,,,,,,0.0,0.0,5.0
XRS X-class,tsmixer,per-point,0.0,0.0,0.0,0.0,0.0,0.0,,,,,,,0.0,0.0,5.0
XRS X-class,tsmixer,per-window,0.0,0.0,0.0,0.0,0.0,0.0,,,,,,,0.0,0.0,5.0
XRS X-class,xpatch,per-day,0.009,0.025,0.017,0.047,0.009,0.025,0.21,,,,1.0,,0.009,0.025,5.0
XRS X-class,xpatch,per-point,0.003,0.004,0.005,0.007,0.003,0.004,0.035,0.036,0.379,0.132,0.427,0.488,0.006,0.008,5.0
XRS X-class,xpatch,per-window,0.008,0.01,0.015,0.017,0.008,0.01,0.066,0.056,0.295,0.153,0.518,0.489,0.016,0.021,5.0
